month,hour,season,weekday,is_holiday,working_day,weather_sit,is_covid,temp,wind,humidity,predicted_demand
4,0,2,4,0,1,1,0,1.3744923362241963,7.311651794478948,-3.4088126626121156,458.627
4,1,2,4,0,1,2,0,0.4427220105509529,8.545447106131435,-3.4088126626121156,153.73833
4,2,2,4,0,1,1,0,-0.3855182789363745,7.805169919139943,-3.4088126626121156,114.527084
4,3,2,4,0,1,1,0,0.028601865807289205,7.805169919139943,-3.4088126626121156,155.2534
4,4,2,4,0,1,2,0,1.1674322638523644,6.077856482826461,-3.4088126626121156,351.37222
4,5,2,4,0,1,2,0,-0.17845820656454264,5.954476951661213,-3.4088126626121156,165.86803
4,6,2,4,0,1,1,0,-0.3855182789363745,5.954476951661213,-3.4088126626121156,403.5353
4,7,2,4,0,1,2,0,0.028601865807289205,4.967440702339222,-3.4088126626121156,647.2236
4,8,2,4,0,1,2,0,-0.3855182789363745,4.967440702339222,-3.4088126626121156,953.4302
4,9,2,4,0,1,1,0,-0.17845820656454264,4.5973021088434765,-3.4088126626121156,666.59015
4,10,2,4,0,1,2,0,0.9603721914805325,3.363506797190989,-3.4088126626121156,665.20856
4,11,2,4,0,1,1,0,1.1674322638523644,3.733645390686735,-3.4088126626121156,762.69525
4,12,2,4,0,1,2,0,1.1674322638523644,5.460958827000217,-3.4088126626121156,794.80566
4,13,2,4,0,1,3,0,1.3744923362241963,3.1167477348604913,-3.4088126626121156,899.09607
4,14,2,4,0,1,2,0,1.685082444781944,2.7466091413647455,-3.4088126626121156,822.5694
4,15,2,4,0,1,3,0,3.030972915198851,2.7466091413647455,-3.4088126626121156,803.6685
4,16,2,4,0,1,1,0,1.3744923362241963,2.6232296101994965,-3.4088126626121156,1138.3297
4,17,2,4,0,1,1,0,1.685082444781944,2.3764705478689994,-3.4088126626121156,1512.9723
4,18,2,4,0,1,2,0,1.3744923362241963,2.6232296101994965,-3.4088126626121156,1325.1488
4,19,2,4,0,1,1,0,0.5462520467368688,3.6102658595214865,-3.4088126626121156,812.7576
4,20,2,4,0,1,1,0,0.7533121191087007,3.9804044530172327,-3.4088126626121156,633.86725
4,21,2,4,0,1,3,0,0.9603721914805325,3.9804044530172327,-3.4088126626121156,582.36523
4,22,2,4,0,1,1,0,0.23566193817912107,3.9804044530172327,-3.4088126626121156,353.58032
4,23,2,4,0,1,2,0,0.9603721914805325,3.6102658595214865,-3.4088126626121156,473.97733
4,0,2,5,0,0,2,0,1.1674322638523644,3.6102658595214865,-3.4088126626121156,525.83734
4,1,2,5,0,0,2,0,-0.17845820656454264,3.9804044530172327,-3.4088126626121156,193.94458
4,2,2,5,0,0,2,0,0.4427220105509529,3.4868863283562375,-3.4088126626121156,276.61115
4,3,2,5,0,0,1,0,0.7533121191087007,3.4868863283562375,-3.4088126626121156,372.51404
4,4,2,5,0,0,1,0,0.23566193817912107,4.350543046512979,-3.4088126626121156,276.09918
4,5,2,5,0,0,3,0,0.4427220105509529,4.227163515347731,-3.4088126626121156,282.26312
4,6,2,5,0,0,3,0,-0.3855182789363745,4.227163515347731,-3.4088126626121156,217.20296
4,7,2,5,0,0,3,0,0.4427220105509529,3.9804044530172327,-3.4088126626121156,546.9683
4,8,2,5,0,0,3,0,0.4427220105509529,3.4868863283562375,-3.4088126626121156,718.2715
4,9,2,5,0,0,1,0,0.23566193817912107,3.6102658595214865,-3.4088126626121156,761.7251
4,10,2,5,0,0,3,0,-0.9031684598659542,3.2401272660257403,-3.4088126626121156,517.6447
4,11,2,5,0,0,1,0,-0.7996384236800382,3.2401272660257403,-3.4088126626121156,633.06586
4,12,2,5,0,0,1,0,-0.3855182789363745,2.9933682036952427,-3.4088126626121156,764.5226
4,13,2,5,0,0,1,0,-0.5925783513082064,2.6232296101994965,-3.4088126626121156,770.64435
4,14,2,5,0,0,1,0,-0.7996384236800382,2.3764705478689994,-3.4088126626121156,713.49066
4,15,2,5,0,0,3,0,-0.3855182789363745,2.7466091413647455,-3.4088126626121156,711.06213
4,16,2,5,0,0,3,0,-0.17845820656454264,1.636193360877507,-3.4088126626121156,819.6786
4,17,2,5,0,0,3,0,0.9603721914805325,2.1297114855385018,-3.4088126626121156,1214.8591
4,18,2,5,0,0,2,0,-0.3855182789363745,2.7466091413647455,-3.4088126626121156,587.3744
4,19,2,5,0,0,2,0,-0.9031684598659542,4.473922577678228,-3.4088126626121156,424.12753
4,20,2,5,0,0,2,0,0.4427220105509529,3.733645390686735,-3.4088126626121156,564.77374
4,21,2,5,0,0,2,0,0.4427220105509529,4.473922577678228,-3.4088126626121156,462.1548
4,22,2,5,0,0,2,0,-0.3855182789363745,4.967440702339222,-3.4088126626121156,246.20064
4,23,2,5,0,0,2,0,0.23566193817912107,5.460958827000217,-3.4088126626121156,366.20746
4,0,2,6,0,0,2,0,-0.17845820656454264,6.447995076322207,-3.4088126626121156,235.29527
4,1,2,6,0,0,2,0,0.028601865807289205,7.064892732148451,-3.4088126626121156,271.86606
4,2,2,6,0,0,2,0,-0.5925783513082064,7.064892732148451,-3.4088126626121156,160.24615
4,3,2,6,0,0,2,0,-0.5925783513082064,7.6817903879746945,-3.4088126626121156,139.48735
4,4,2,6,0,0,2,0,-0.7996384236800382,7.6817903879746945,-3.4088126626121156,116.52054
4,5,2,6,0,0,2,0,-1.5243486769814496,7.064892732148451,-3.4088126626121156,66.529816
4,6,2,6,0,0,2,0,-1.5243486769814496,7.6817903879746945,-3.4088126626121156,94.747765
4,7,2,6,0,0,2,0,-0.9031684598659542,7.064892732148451,-3.4088126626121156,279.0678
4,8,2,6,0,0,2,0,-0.9031684598659542,5.954476951661213,-3.4088126626121156,428.59863
4,9,2,6,0,0,3,0,-0.17845820656454264,5.090820233504472,-3.4088126626121156,597.98376
4,10,2,6,0,0,1,0,0.9603721914805325,3.1167477348604913,-3.4088126626121156,896.13324
4,11,2,6,0,0,3,0,2.30626266189744,3.1167477348604913,-3.4088126626121156,956.4681
4,12,2,6,0,0,3,0,2.513322734269271,2.1297114855385018,-3.4088126626121156,1047.0918
4,13,2,6,0,0,3,0,2.30626266189744,2.499850079034248,-3.4088126626121156,1055.1053
4,14,2,6,0,0,2,0,1.5815524085960282,2.9933682036952427,-3.4088126626121156,1155.0037
4,15,2,6,0,0,2,0,2.099202589525608,2.499850079034248,-3.4088126626121156,1050.4291
4,16,2,6,0,0,2,0,1.8921425171537758,3.733645390686735,-3.4088126626121156,1026.1138
4,17,2,6,0,0,2,0,1.3744923362241963,2.9933682036952427,-3.4088126626121156,1199.4368
4,18,2,6,0,0,2,0,1.1674322638523644,3.2401272660257403,-3.4088126626121156,1086.4054
4,19,2,6,0,0,2,0,1.3744923362241963,3.2401272660257403,-3.4088126626121156,942.8533
4,20,2,6,0,0,2,0,0.9603721914805325,3.2401272660257403,-3.4088126626121156,657.3999
4,21,2,6,0,0,2,0,0.23566193817912107,3.2401272660257403,-3.4088126626121156,374.63324
4,22,2,6,0,0,2,0,0.5462520467368688,3.6102658595214865,-3.4088126626121156,367.9191
4,23,2,6,0,0,1,0,0.7533121191087007,3.2401272660257403,-3.4088126626121156,434.49454
4,0,2,0,0,1,1,0,0.5462520467368688,3.4868863283562375,-3.4088126626121156,181.37013
4,1,2,0,0,1,1,0,0.028601865807289205,4.350543046512979,-3.4088126626121156,97.623474
4,2,2,0,0,1,1,0,-0.17845820656454264,4.350543046512979,-3.4088126626121156,92.5433
4,3,2,0,0,1,1,0,-0.17845820656454264,4.844061171173974,-3.4088126626121156,93.71073
4,4,2,0,0,1,1,0,-0.5925783513082064,4.844061171173974,-3.4088126626121156,81.80091
4,5,2,0,0,1,1,0,0.028601865807289205,5.21419976466972,-3.4088126626121156,157.43484
4,6,2,0,0,1,1,0,-0.17845820656454264,5.21419976466972,-3.4088126626121156,433.3707
4,7,2,0,0,1,1,0,-0.3855182789363745,4.844061171173974,-3.4088126626121156,675.1185
4,8,2,0,0,1,1,0,0.028601865807289205,3.9804044530172327,-3.4088126626121156,1065.0825
4,9,2,0,0,1,1,0,-0.17845820656454264,3.6102658595214865,-3.4088126626121156,581.9344
4,10,2,0,0,1,1,0,-0.5925783513082064,2.9933682036952427,-3.4088126626121156,334.91235
4,11,2,0,0,1,1,0,-0.7996384236800382,2.9933682036952427,-3.4088126626121156,321.14722
4,12,2,0,0,1,1,0,-0.7996384236800382,2.6232296101994965,-3.4088126626121156,390.5687
4,13,2,0,0,1,2,0,-0.5925783513082064,2.3764705478689994,-3.4088126626121156,418.18796
4,14,2,0,0,1,2,0,-0.7996384236800382,2.1297114855385018,-3.4088126626121156,383.77545
4,15,2,0,0,1,2,0,0.4427220105509529,2.3764705478689994,-3.4088126626121156,579.0474
4,16,2,0,0,1,2,0,0.5462520467368688,2.9933682036952427,-3.4088126626121156,835.2633
4,17,2,0,0,1,2,0,0.4427220105509529,2.9933682036952427,-3.4088126626121156,1259.0918
4,18,2,0,0,1,2,0,-0.5925783513082064,3.363506797190989,-3.4088126626121156,814.11444
4,19,2,0,0,1,2,0,-0.9031684598659542,4.5973021088434765,-3.4088126626121156,502.6219
4,20,2,0,0,1,1,0,-1.5243486769814496,4.103783984182481,-3.4088126626121156,217.33282
4,21,2,0,0,1,1,0,-0.5925783513082064,3.363506797190989,-3.4088126626121156,262.21808
4,22,2,0,0,1,2,0,-0.17845820656454264,3.733645390686735,-3.4088126626121156,202.3698
4,23,2,0,0,1,2,0,-0.17845820656454264,4.103783984182481,-3.4088126626121156,170.51257
4,0,2,1,0,1,2,0,-0.5925783513082064,4.967440702339222,-3.4088126626121156,90.19533
4,1,2,1,0,1,2,0,-0.17845820656454264,5.954476951661213,-3.4088126626121156,88.42121
4,2,2,1,0,1,2,0,-0.17845820656454264,6.447995076322207,-3.4088126626121156,79.352196
4,3,2,1,0,1,2,0,-0.7996384236800382,7.064892732148451,-3.4088126626121156,69.98955
4,4,2,1,0,1,2,0,-0.7996384236800382,7.064892732148451,-3.4088126626121156,80.74797
4,5,2,1,0,1,2,0,-0.7996384236800382,7.6817903879746945,-3.4088126626121156,121.573044
4,6,2,1,0,1,2,0,-0.9031684598659542,7.6817903879746945,-3.4088126626121156,354.4855
4,7,2,1,0,1,2,0,-0.7996384236800382,7.6817903879746945,-3.4088126626121156,616.1119
4,8,2,1,0,1,2,0,-0.7996384236800382,8.422067574966187,-3.4088126626121156,907.12756
4,9,2,1,0,1,1,0,-0.5925783513082064,7.805169919139943,-3.4088126626121156,557.4214
4,10,2,1,0,1,2,0,-1.5243486769814496,8.422067574966187,-3.4088126626121156,205.7511
4,11,2,1,0,1,1,0,-0.7996384236800382,8.422067574966187,-3.4088126626121156,324.59445
4,12,2,1,0,1,2,0,-1.5243486769814496,9.162344761957678,-3.4088126626121156,241.26714
4,13,2,1,0,1,2,0,-0.5925783513082064,8.422067574966187,-3.4088126626121156,385.29108
4,14,2,1,0,1,1,0,-0.9031684598659542,7.805169919139943,-3.4088126626121156,369.39648
4,15,2,1,0,1,2,0,-0.3855182789363745,8.422067574966187,-3.4088126626121156,438.89346
4,16,2,1,0,1,2,0,-0.3855182789363745,9.162344761957678,-3.4088126626121156,649.63007
4,17,2,1,0,1,2,0,0.4427220105509529,8.422067574966187,-3.4088126626121156,1263.0426
4,18,2,1,0,1,2,0,0.4427220105509529,9.162344761957678,-3.4088126626121156,1091.2583
4,19,2,1,0,1,2,0,0.23566193817912107,9.162344761957678,-3.4088126626121156,670.17834
4,20,2,1,0,1,2,0,0.5462520467368688,9.902621948949172,-3.4088126626121156,525.19965
4,21,2,1,0,1,2,0,0.5462520467368688,9.902621948949172,-3.4088126626121156,392.79102
4,22,2,1,0,1,2,0,0.9603721914805325,9.902621948949172,-3.4088126626121156,430.1369
4,23,2,1,0,1,2,0,0.7533121191087007,9.902621948949172,-3.4088126626121156,321.72836
4,0,2,2,0,1,2,0,0.7533121191087007,9.902621948949172,-3.4088126626121156,235.43294
4,1,2,2,0,1,2,0,0.23566193817912107,9.902621948949172,-3.4088126626121156,70.01777
4,2,2,2,0,1,2,0,0.9603721914805325,9.162344761957678,-3.4088126626121156,278.94833
4,3,2,2,0,1,2,0,0.4427220105509529,9.902621948949172,-3.4088126626121156,97.013466
4,4,2,2,0,1,2,0,0.5462520467368688,9.902621948949172,-3.4088126626121156,170.33832
4,5,2,2,0,1,2,0,0.23566193817912107,9.902621948949172,-3.4088126626121156,124.74845
4,6,2,2,0,1,2,0,0.028601865807289205,9.902621948949172,-3.4088126626121156,410.91635
4,7,2,2,0,1,2,0,0.5462520467368688,9.902621948949172,-3.4088126626121156,843.76337
4,8,2,2,0,1,2,0,0.4427220105509529,9.162344761957678,-3.4088126626121156,1123.7083
4,9,2,2,0,1,2,0,0.9603721914805325,9.902621948949172,-3.4088126626121156,797.28033
4,10,2,2,0,1,2,0,0.4427220105509529,9.162344761957678,-3.4088126626121156,428.14017
4,11,2,2,0,1,2,0,0.028601865807289205,9.162344761957678,-3.4088126626121156,398.8846
4,12,2,2,0,1,2,0,-0.3855182789363745,8.422067574966187,-3.4088126626121156,395.3595
4,13,2,2,0,1,2,0,-0.5925783513082064,7.805169919139943,-3.4088126626121156,394.63693
4,14,2,2,0,1,1,0,-1.5243486769814496,7.188272263313699,-3.4088126626121156,250.6354
4,15,2,2,0,1,2,0,-0.7996384236800382,7.188272263313699,-3.4088126626121156,408.95798
4,16,2,2,0,1,2,0,-1.5243486769814496,7.188272263313699,-3.4088126626121156,439.71597
4,17,2,2,0,1,2,0,-0.5925783513082064,7.188272263313699,-3.4088126626121156,1002.66656
4,18,2,2,0,1,2,0,0.4427220105509529,7.188272263313699,-3.4088126626121156,1093.9614
4,19,2,2,0,1,2,0,0.5462520467368688,7.805169919139943,-3.4088126626121156,801.94653
4,20,2,2,0,1,2,0,-0.17845820656454264,8.422067574966187,-3.4088126626121156,390.8013
4,21,2,2,0,1,2,0,0.5462520467368688,8.422067574966187,-3.4088126626121156,411.26813
4,22,2,2,0,1,2,0,-0.17845820656454264,9.162344761957678,-3.4088126626121156,204.07732
4,23,2,2,0,1,2,0,0.5462520467368688,9.162344761957678,-3.4088126626121156,294.89392
4,0,2,3,0,1,2,0,0.7533121191087007,8.422067574966187,-3.4088126626121156,249.88493
4,1,2,3,0,1,2,0,1.5815524085960282,8.422067574966187,-3.4088126626121156,378.93213
4,2,2,3,0,1,2,0,0.028601865807289205,8.422067574966187,-3.4088126626121156,75.79634
4,3,2,3,0,1,2,0,0.5462520467368688,9.162344761957678,-3.4088126626121156,185.65457
4,4,2,3,0,1,2,0,0.23566193817912107,8.422067574966187,-3.4088126626121156,87.909355
4,5,2,3,0,1,2,0,0.028601865807289205,9.162344761957678,-3.4088126626121156,139.59605
4,6,2,3,0,1,2,0,0.028601865807289205,9.162344761957678,-3.4088126626121156,404.23572
4,7,2,3,0,1,2,0,-0.3855182789363745,9.162344761957678,-3.4088126626121156,679.4417
4,8,2,3,0,1,2,0,-0.5925783513082064,9.902621948949172,-3.4088126626121156,992.329
4,9,2,3,0,1,2,0,-0.17845820656454264,9.162344761957678,-3.4088126626121156,608.2872
4,10,2,3,0,1,2,0,-0.3855182789363745,9.162344761957678,-3.4088126626121156,372.151
4,11,2,3,0,1,2,0,-0.3855182789363745,9.902621948949172,-3.4088126626121156,377.6456
4,12,2,3,0,1,2,0,0.028601865807289205,9.162344761957678,-3.4088126626121156,444.22202
4,13,2,3,0,1,2,0,0.028601865807289205,9.162344761957678,-3.4088126626121156,442.97067
4,14,2,3,0,1,1,0,0.4427220105509529,8.422067574966187,-3.4088126626121156,522.3003
4,15,2,3,0,1,2,0,0.23566193817912107,9.162344761957678,-3.4088126626121156,507.60986
4,16,2,3,0,1,2,0,0.5462520467368688,8.422067574966187,-3.4088126626121156,873.4077
4,17,2,3,0,1,2,0,0.7533121191087007,8.422067574966187,-3.4088126626121156,1399.7148
4,18,2,3,0,1,2,0,0.7533121191087007,8.422067574966187,-3.4088126626121156,1231.1825
4,19,2,3,0,1,1,0,-0.17845820656454264,8.422067574966187,-3.4088126626121156,717.3735
4,20,2,3,0,1,1,0,-0.17845820656454264,8.422067574966187,-3.4088126626121156,463.0203
4,21,2,3,0,1,1,0,0.23566193817912107,7.805169919139943,-3.4088126626121156,373.0696
4,22,2,3,0,1,1,0,-0.5925783513082064,7.6817903879746945,-3.4088126626121156,238.89275
4,23,2,3,0,1,1,0,-0.17845820656454264,7.6817903879746945,-3.4088126626121156,260.25934
4,0,2,4,0,1,2,0,-0.3855182789363745,8.422067574966187,-3.4088126626121156,105.18175
4,1,2,4,0,1,2,0,-1.5243486769814496,7.6817903879746945,-3.4088126626121156,51.389668
4,2,2,4,0,1,1,0,-0.5925783513082064,7.6817903879746945,-3.4088126626121156,99.8713
4,3,2,4,0,1,1,0,-0.3855182789363745,7.064892732148451,-3.4088126626121156,111.605
4,4,2,4,0,1,3,0,0.23566193817912107,7.064892732148451,-3.4088126626121156,180.79968
4,5,2,4,0,1,1,0,-0.5925783513082064,7.064892732148451,-3.4088126626121156,153.20743
4,6,2,4,0,1,1,0,-0.3855182789363745,7.6817903879746945,-3.4088126626121156,403.5353
4,7,2,4,0,1,1,0,-0.9031684598659542,7.064892732148451,-3.4088126626121156,608.6028
4,8,2,4,0,1,1,0,-0.7996384236800382,4.967440702339222,-3.4088126626121156,926.224
4,9,2,4,0,1,1,0,-0.5925783513082064,4.5973021088434765,-3.4088126626121156,595.76935
4,10,2,4,0,1,1,0,-0.3855182789363745,2.7466091413647455,-3.4088126626121156,398.8344
4,11,2,4,0,1,1,0,-0.3855182789363745,2.7466091413647455,-3.4088126626121156,422.18997
4,12,2,4,0,1,3,0,0.23566193817912107,3.1167477348604913,-3.4088126626121156,586.57983
4,13,2,4,0,1,2,0,0.4427220105509529,3.1167477348604913,-3.4088126626121156,578.3814
4,14,2,4,0,1,2,0,0.028601865807289205,2.499850079034248,-3.4088126626121156,543.95795
4,15,2,4,0,1,2,0,1.3744923362241963,2.006331954373253,-3.4088126626121156,949.7008
4,16,2,4,0,1,2,0,0.9603721914805325,2.006331954373253,-3.4088126626121156,1017.91656
4,17,2,4,0,1,2,0,0.5462520467368688,2.006331954373253,-3.4088126626121156,1303.7465
4,18,2,4,0,1,1,0,0.028601865807289205,2.7466091413647455,-3.4088126626121156,989.91254
4,19,2,4,0,1,1,0,0.23566193817912107,5.584338358165466,-3.4088126626121156,733.40094
4,20,2,4,0,1,1,0,1.8921425171537758,4.967440702339222,-3.4088126626121156,712.3344
4,21,2,4,0,1,1,0,-0.17845820656454264,5.954476951661213,-3.4088126626121156,356.31216
4,22,2,4,0,1,2,0,-0.3855182789363745,8.422067574966187,-3.4088126626121156,225.39041
4,23,2,4,0,1,2,0,-0.7996384236800382,9.03896523079243,-3.4088126626121156,202.78294
4,0,2,5,0,0,1,0,-1.5243486769814496,8.422067574966187,-3.4088126626121156,129.4676
4,1,2,5,0,0,2,0,-0.17845820656454264,7.064892732148451,-3.4088126626121156,193.94458
4,2,2,5,0,0,2,0,0.028601865807289205,7.6817903879746945,-3.4088126626121156,258.1446
4,3,2,5,0,0,2,0,-0.9031684598659542,8.298688043800938,-3.4088126626121156,95.25603
4,4,2,5,0,0,2,0,-0.5925783513082064,8.298688043800938,-3.4088126626121156,122.03566
4,5,2,5,0,0,2,0,-0.9031684598659542,7.6817903879746945,-3.4088126626121156,108.17551
4,6,2,5,0,0,2,0,-0.5925783513082064,8.298688043800938,-3.4088126626121156,213.30759
4,7,2,5,0,0,1,0,-0.5925783513082064,8.422067574966187,-3.4088126626121156,364.03833
4,8,2,5,0,0,1,0,-0.3855182789363745,6.5713746074874555,-3.4088126626121156,538.4905
4,9,2,5,0,0,1,0,0.4427220105509529,4.967440702339222,-3.4088126626121156,797.1743
4,10,2,5,0,0,3,0,0.7533121191087007,4.5973021088434765,-3.4088126626121156,882.4213
4,11,2,5,0,0,2,0,0.9603721914805325,4.103783984182481,-3.4088126626121156,1038.0093
4,12,2,5,0,0,2,0,1.1674322638523644,4.103783984182481,-3.4088126626121156,1175.6938
4,13,2,5,0,0,1,0,-0.5925783513082064,3.733645390686735,-3.4088126626121156,756.8127
4,14,2,5,0,0,2,0,0.23566193817912107,2.9933682036952427,-3.4088126626121156,890.2995
4,15,2,5,0,0,1,0,0.4427220105509529,3.363506797190989,-3.4088126626121156,1038.748
4,16,2,5,0,0,1,0,0.4427220105509529,2.7466091413647455,-3.4088126626121156,1031.5996
4,17,2,5,0,0,2,0,0.4427220105509529,2.6232296101994965,-3.4088126626121156,1043.4911
4,18,2,5,0,0,2,0,0.028601865807289205,2.9933682036952427,-3.4088126626121156,805.5875
4,19,2,5,0,0,1,0,-0.17845820656454264,3.363506797190989,-3.4088126626121156,604.4461
4,20,2,5,0,0,1,0,0.7533121191087007,3.363506797190989,-3.4088126626121156,690.6724
4,21,2,5,0,0,3,0,-0.3855182789363745,3.6102658595214865,-3.4088126626121156,285.95242
4,22,2,5,0,0,1,0,0.23566193817912107,4.473922577678228,-3.4088126626121156,446.29935
4,23,2,5,0,0,2,0,0.4427220105509529,4.844061171173974,-3.4088126626121156,408.73355
4,0,2,6,0,0,2,0,0.5462520467368688,4.844061171173974,-3.4088126626121156,285.93643
4,1,2,6,0,0,1,0,0.5462520467368688,5.337579295834969,-3.4088126626121156,294.216
4,2,2,6,0,0,1,0,0.5462520467368688,5.831097420495963,-3.4088126626121156,263.0261
4,3,2,6,0,0,1,0,-0.17845820656454264,5.831097420495963,-3.4088126626121156,175.81108
4,4,2,6,0,0,1,0,0.028601865807289205,5.831097420495963,-3.4088126626121156,226.61671
4,5,2,6,0,0,1,0,-0.5925783513082064,6.447995076322207,-3.4088126626121156,144.43419
4,6,2,6,0,0,3,0,-0.7996384236800382,5.831097420495963,-3.4088126626121156,203.0702
4,7,2,6,0,0,2,0,0.23566193817912107,5.337579295834969,-3.4088126626121156,455.6607
4,8,2,6,0,0,2,0,0.5462520467368688,4.473922577678228,-3.4088126626121156,662.60364
4,9,2,6,0,0,2,0,0.9603721914805325,3.9804044530172327,-3.4088126626121156,840.62463
4,10,2,6,0,0,2,0,0.4427220105509529,3.6102658595214865,-3.4088126626121156,740.2559
4,11,2,6,0,0,2,0,1.3744923362241963,3.6102658595214865,-3.4088126626121156,1088.1798
4,12,2,6,0,0,2,0,1.3744923362241963,3.2401272660257403,-3.4088126626121156,1168.43
4,13,2,6,0,0,2,0,1.8921425171537758,3.2401272660257403,-3.4088126626121156,1040.5568
4,14,2,6,0,0,2,0,1.5815524085960282,2.6232296101994965,-3.4088126626121156,1171.1211
4,15,2,6,0,0,2,0,1.1674322638523644,2.3764705478689994,-3.4088126626121156,1156.5945
4,16,2,6,0,0,3,0,2.30626266189744,2.3764705478689994,-3.4088126626121156,1042.8313
4,17,2,6,0,0,1,0,0.4427220105509529,2.3764705478689994,-3.4088126626121156,1013.747
4,18,2,6,0,0,1,0,0.7533121191087007,2.9933682036952427,-3.4088126626121156,953.14746
4,19,2,6,0,0,1,0,-0.3855182789363745,2.9933682036952427,-3.4088126626121156,471.73907
4,20,2,6,0,0,1,0,-0.5925783513082064,3.2401272660257403,-3.4088126626121156,346.64478
4,21,2,6,0,0,1,0,-0.5925783513082064,3.2401272660257403,-3.4088126626121156,270.741
4,22,2,6,0,0,1,0,-0.7996384236800382,5.831097420495963,-3.4088126626121156,202.0889
4,23,2,6,0,0,1,0,-1.5243486769814496,5.337579295834969,-3.4088126626121156,115.55755
4,0,2,0,0,1,1,0,-1.5243486769814496,5.831097420495963,-3.4088126626121156,46.36024
4,1,2,0,0,1,1,0,-0.9031684598659542,7.064892732148451,-3.4088126626121156,73.48772
4,2,2,0,0,1,1,0,0.23566193817912107,7.064892732148451,-3.4088126626121156,88.937836
4,3,2,0,0,1,1,0,-0.3855182789363745,6.941513200983202,-3.4088126626121156,82.472855
4,4,2,0,0,1,1,0,-0.7996384236800382,6.447995076322207,-3.4088126626121156,73.70857
4,5,2,0,0,1,1,0,-1.5243486769814496,5.337579295834969,-3.4088126626121156,87.91868
4,6,2,0,0,1,1,0,-0.9031684598659542,5.831097420495963,-3.4088126626121156,356.83524
4,7,2,0,0,1,1,0,-1.5243486769814496,5.337579295834969,-3.4088126626121156,472.9402
4,8,2,0,0,1,1,0,-0.17845820656454264,4.473922577678228,-3.4088126626121156,1058.2257
4,9,2,0,0,1,1,0,-0.9031684598659542,3.733645390686735,-3.4088126626121156,499.71982
4,10,2,0,0,1,2,0,-0.3855182789363745,3.363506797190989,-3.4088126626121156,346.06674
4,11,2,0,0,1,2,0,-0.17845820656454264,3.733645390686735,-3.4088126626121156,395.65408
4,12,2,0,0,1,1,0,-0.17845820656454264,3.1167477348604913,-3.4088126626121156,444.78217
4,13,2,0,0,1,2,0,-0.17845820656454264,2.499850079034248,-3.4088126626121156,444.76297
4,14,2,0,0,1,2,0,0.4427220105509529,2.869988672529994,-3.4088126626121156,462.59097
4,15,2,0,0,1,1,0,0.23566193817912107,3.2401272660257403,-3.4088126626121156,538.59344
4,16,2,0,0,1,2,0,0.028601865807289205,3.2401272660257403,-3.4088126626121156,710.9451
4,17,2,0,0,1,2,0,0.4427220105509529,3.9804044530172327,-3.4088126626121156,1259.0918
4,18,2,0,0,1,2,0,0.23566193817912107,4.350543046512979,-3.4088126626121156,1018.9906
4,19,2,0,0,1,2,0,0.23566193817912107,4.227163515347731,-3.4088126626121156,673.2428
4,20,2,0,0,1,2,0,-0.17845820656454264,5.090820233504472,-3.4088126626121156,387.73602
4,21,2,0,0,1,2,0,0.23566193817912107,6.077856482826461,-3.4088126626121156,298.93256
4,22,2,0,0,1,1,0,-0.5925783513082064,6.077856482826461,-3.4088126626121156,185.22147
4,23,2,0,0,1,2,0,-1.5243486769814496,5.584338358165466,-3.4088126626121156,85.18279
4,0,2,1,0,1,2,0,-0.7996384236800382,6.5713746074874555,-3.4088126626121156,86.6592
4,1,2,1,0,1,2,0,-0.5925783513082064,7.188272263313699,-3.4088126626121156,75.71155
4,2,2,1,0,1,2,0,-0.5925783513082064,7.188272263313699,-3.4088126626121156,72.13364
4,3,2,1,0,1,2,0,-0.9031684598659542,7.188272263313699,-3.4088126626121156,77.31512
4,4,2,1,0,1,2,0,-0.7996384236800382,7.188272263313699,-3.4088126626121156,80.74797
4,5,2,1,0,1,2,0,-1.5243486769814496,7.188272263313699,-3.4088126626121156,79.48143
4,6,2,1,0,1,2,0,-0.9031684598659542,7.805169919139943,-3.4088126626121156,354.4855
4,7,2,1,0,1,1,0,-1.5243486769814496,6.5713746074874555,-3.4088126626121156,484.63187
4,8,2,1,0,1,1,0,-0.5925783513082064,7.188272263313699,-3.4088126626121156,965.5347
4,9,2,1,0,1,2,0,0.028601865807289205,6.694754138652704,-3.4088126626121156,567.9992
4,10,2,1,0,1,1,0,0.23566193817912107,6.20123601399171,-3.4088126626121156,410.38324
4,11,2,1,0,1,2,0,0.4427220105509529,3.733645390686735,-3.4088126626121156,425.96698
4,12,2,1,0,1,2,0,0.7533121191087007,4.103783984182481,-3.4088126626121156,566.6108
4,13,2,1,0,1,3,0,-0.17845820656454264,3.733645390686735,-3.4088126626121156,406.01712
4,14,2,1,0,1,3,0,-0.17845820656454264,3.4868863283562375,-3.4088126626121156,394.29184
4,15,2,1,0,1,1,0,-0.17845820656454264,3.1167477348604913,-3.4088126626121156,504.50928
4,16,2,1,0,1,1,0,-1.5243486769814496,3.1167477348604913,-3.4088126626121156,452.10733
4,17,2,1,0,1,2,0,-0.5925783513082064,4.473922577678228,-3.4088126626121156,995.24036
4,18,2,1,0,1,3,0,-0.9031684598659542,4.103783984182481,-3.4088126626121156,784.1018
4,19,2,1,0,1,2,0,-0.7996384236800382,4.473922577678228,-3.4088126626121156,501.90884
4,20,2,1,0,1,2,0,0.23566193817912107,4.844061171173974,-3.4088126626121156,409.99857
4,21,2,1,0,1,2,0,0.028601865807289205,4.844061171173974,-3.4088126626121156,290.31802
4,22,2,1,0,1,3,0,-1.5243486769814496,4.473922577678228,-3.4088126626121156,124.11438
4,23,2,1,0,1,1,0,-0.5925783513082064,6.20123601399171,-3.4088126626121156,158.20802
4,0,2,2,0,1,1,0,-1.5243486769814496,6.20123601399171,-3.4088126626121156,68.138435
4,1,2,2,0,1,1,0,-1.5243486769814496,6.20123601399171,-3.4088126626121156,46.12649
4,2,2,2,0,1,3,0,-0.7996384236800382,8.422067574966187,-3.4088126626121156,72.39166
4,3,2,2,0,1,2,0,-1.5243486769814496,7.805169919139943,-3.4088126626121156,27.31979
4,4,2,2,0,1,2,0,-1.5243486769814496,9.162344761957678,-3.4088126626121156,37.080803
4,5,2,2,0,1,1,0,-1.5243486769814496,8.422067574966187,-3.4088126626121156,109.6969
4,6,2,2,0,1,1,0,-0.7996384236800382,8.422067574966187,-3.4088126626121156,370.19885
4,7,2,2,0,1,2,0,-0.5925783513082064,7.805169919139943,-3.4088126626121156,656.97064
4,8,2,2,0,1,2,0,-1.5243486769814496,7.311651794478948,-3.4088126626121156,777.64056
4,9,2,2,0,1,2,0,-0.7996384236800382,6.20123601399171,-3.4088126626121156,500.1525
4,10,2,2,0,1,2,0,-0.5925783513082064,5.7077178893307146,-3.4088126626121156,353.3326
4,11,2,2,0,1,2,0,0.23566193817912107,4.844061171173974,-3.4088126626121156,388.42856
4,12,2,2,0,1,1,0,0.028601865807289205,4.5973021088434765,-3.4088126626121156,474.48163
4,13,2,2,0,1,1,0,0.028601865807289205,3.8570249218519836,-3.4088126626121156,473.46594
4,14,2,2,0,1,1,0,0.9603721914805325,3.2401272660257403,-3.4088126626121156,689.38885
4,15,2,2,0,1,1,0,1.5815524085960282,2.6232296101994965,-3.4088126626121156,836.238
4,16,2,2,0,1,1,0,1.1674322638523644,2.6232296101994965,-3.4088126626121156,1011.1011
4,17,2,2,0,1,2,0,1.685082444781944,2.3764705478689994,-3.4088126626121156,1472.025
4,18,2,2,0,1,2,0,0.5462520467368688,2.2530910167037503,-3.4088126626121156,1172.2301
4,19,2,2,0,1,2,0,0.4427220105509529,3.4868863283562375,-3.4088126626121156,737.87305
4,20,2,2,0,1,2,0,1.5815524085960282,2.499850079034248,-3.4088126626121156,752.9195
4,21,2,2,0,1,2,0,1.1674322638523644,2.869988672529994,-3.4088126626121156,548.85266
4,22,2,2,0,1,2,0,0.4427220105509529,4.473922577678228,-3.4088126626121156,261.88904
4,23,2,2,0,1,2,0,1.3744923362241963,3.733645390686735,-3.4088126626121156,479.29834
4,0,2,3,0,1,2,0,1.5815524085960282,3.4868863283562375,-3.4088126626121156,396.698
4,1,2,3,0,1,2,0,1.685082444781944,3.4868863283562375,-3.4088126626121156,336.53195
4,2,2,3,0,1,2,0,0.7533121191087007,4.103783984182481,-3.4088126626121156,223.04991
4,3,2,3,0,1,2,0,1.1674322638523644,4.473922577678228,-3.4088126626121156,295.54025
4,4,2,3,0,1,2,0,1.5815524085960282,4.473922577678228,-3.4088126626121156,386.70676
4,5,2,3,0,1,1,0,0.5462520467368688,4.844061171173974,-3.4088126626121156,282.7224
4,6,2,3,0,1,1,0,0.9603721914805325,5.337579295834969,-3.4088126626121156,669.075
4,7,2,3,0,1,1,0,0.7533121191087007,5.7077178893307146,-3.4088126626121156,956.2691
4,8,2,3,0,1,1,0,1.3744923362241963,5.337579295834969,-3.4088126626121156,1315.2007
4,9,2,3,0,1,3,0,0.5462520467368688,4.967440702339222,-3.4088126626121156,759.88654
4,10,2,3,0,1,1,0,1.1674322638523644,5.337579295834969,-3.4088126626121156,636.452
4,11,2,3,0,1,1,0,0.7533121191087007,3.8570249218519836,-3.4088126626121156,620.24475
4,12,2,3,0,1,1,0,1.3744923362241963,4.227163515347731,-3.4088126626121156,764.8333
4,13,2,3,0,1,2,0,1.3744923362241963,3.2401272660257403,-3.4088126626121156,749.4858
4,14,2,3,0,1,2,0,0.9603721914805325,2.869988672529994,-3.4088126626121156,674.4392
4,15,2,3,0,1,2,0,0.4427220105509529,3.1167477348604913,-3.4088126626121156,583.95355
4,16,2,3,0,1,2,0,2.30626266189744,5.21419976466972,-3.4088126626121156,929.315
4,17,2,3,0,1,1,0,1.685082444781944,3.6102658595214865,-3.4088126626121156,1524.0852
4,18,2,3,0,1,1,0,1.1674322638523644,3.6102658595214865,-3.4088126626121156,1370.4946
4,19,2,3,0,1,1,0,1.1674322638523644,2.2530910167037503,-3.4088126626121156,1021.9622
4,20,2,3,0,1,1,0,0.7533121191087007,2.499850079034248,-3.4088126626121156,669.15607
4,21,2,3,0,1,1,0,0.23566193817912107,2.499850079034248,-3.4088126626121156,387.26474
4,22,2,3,0,1,2,0,-0.3855182789363745,2.7466091413647455,-3.4088126626121156,232.75705
4,23,2,3,0,1,2,0,-0.3855182789363745,2.7466091413647455,-3.4088126626121156,204.13918
4,0,2,4,1,0,2,0,-0.5925783513082064,2.7466091413647455,-3.4088126626121156,124.495
4,1,2,4,1,0,1,0,-0.9031684598659542,3.1167477348604913,-3.4088126626121156,57.034546
4,2,2,4,1,0,1,0,-1.5243486769814496,3.363506797190989,-3.4088126626121156,24.613577
4,3,2,4,1,0,1,0,-0.9031684598659542,5.954476951661213,-3.4088126626121156,22.556927
4,4,2,4,1,0,1,0,-0.9031684598659542,5.460958827000217,-3.4088126626121156,23.209347
4,5,2,4,1,0,1,0,-1.5243486769814496,5.954476951661213,-3.4088126626121156,42.1107
4,6,2,4,1,0,1,0,-1.5243486769814496,7.188272263313699,-3.4088126626121156,123.67569
4,7,2,4,1,0,3,0,-1.5243486769814496,5.460958827000217,-3.4088126626121156,200.1962
4,8,2,4,1,0,3,0,-0.9031684598659542,4.227163515347731,-3.4088126626121156,488.77448
4,9,2,4,1,0,3,0,-0.7996384236800382,1.636193360877507,-3.4088126626121156,475.01367
4,10,2,4,1,0,1,0,-0.7996384236800382,1.0192957050512634,-3.4088126626121156,484.838
4,11,2,4,1,0,1,0,-1.5243486769814496,0.5257775803902686,-3.4088126626121156,407.33405
4,12,2,4,1,0,3,0,-1.5243486769814496,0.40239804922501987,-3.4088126626121156,486.70593
4,13,2,4,1,0,3,0,0.7533121191087007,0.8959161738860147,-3.4088126626121156,1024.822
4,14,2,4,1,0,3,0,0.5462520467368688,0.7725366427207659,-3.4088126626121156,957.2547
4,15,2,4,1,0,3,0,1.1674322638523644,0.7725366427207659,-3.4088126626121156,1148.0873
4,16,2,4,1,0,1,0,1.685082444781944,1.3894342985470096,-3.4088126626121156,1172.7388
4,17,2,4,1,0,1,0,1.3744923362241963,1.636193360877507,-3.4088126626121156,1330.9762
4,18,2,4,1,0,3,0,1.3744923362241963,1.7595728920427556,-3.4088126626121156,1228.6576
4,19,2,4,1,0,3,0,0.7533121191087007,2.2530910167037503,-3.4088126626121156,826.7364
4,20,2,4,1,0,3,0,0.4427220105509529,3.1167477348604913,-3.4088126626121156,499.66086
4,21,2,4,1,0,1,0,1.5815524085960282,2.869988672529994,-3.4088126626121156,756.4327
4,22,2,4,1,0,2,0,1.5815524085960282,3.1167477348604913,-3.4088126626121156,688.35297
4,23,2,4,1,0,2,0,1.5815524085960282,3.8570249218519836,-3.4088126626121156,672.7624
4,0,2,5,1,0,2,0,1.1674322638523644,3.4868863283562375,-3.4088126626121156,530.38794
4,1,2,5,1,0,2,0,1.3744923362241963,3.1167477348604913,-3.4088126626121156,580.04663
4,2,2,5,1,0,2,0,0.7533121191087007,3.1167477348604913,-3.4088126626121156,352.86337
4,3,2,5,1,0,2,0,0.7533121191087007,3.1167477348604913,-3.4088126626121156,335.02948
4,4,2,5,1,0,2,0,0.7533121191087007,3.8570249218519836,-3.4088126626121156,335.6819
4,5,2,5,1,0,1,0,0.7533121191087007,3.8570249218519836,-3.4088126626121156,395.52414
4,6,2,5,1,0,2,0,0.4427220105509529,3.8570249218519836,-3.4088126626121156,370.9443
4,7,2,5,1,0,1,0,0.7533121191087007,3.4868863283562375,-3.4088126626121156,662.171
4,8,2,5,1,0,1,0,0.7533121191087007,3.1167477348604913,-3.4088126626121156,820.6731
4,9,2,5,1,0,1,0,1.1674322638523644,3.2401272660257403,-3.4088126626121156,979.00055
4,10,2,5,1,0,1,0,0.4427220105509529,2.869988672529994,-3.4088126626121156,824.11505
4,11,2,5,1,0,1,0,0.9603721914805325,3.2401272660257403,-3.4088126626121156,1079.2263
4,12,2,5,1,0,1,0,1.1674322638523644,2.7466091413647455,-3.4088126626121156,1215.0814
4,13,2,5,1,0,1,0,0.9603721914805325,2.1297114855385018,-3.4088126626121156,1188.8975
4,14,2,5,1,0,1,0,0.4427220105509529,1.2660547673817608,-3.4088126626121156,1078.9406
4,15,2,5,1,0,3,0,0.9603721914805325,1.7595728920427556,-3.4088126626121156,1144.7827
4,16,2,5,1,0,3,0,0.7533121191087007,2.2530910167037503,-3.4088126626121156,1070.5424
4,17,2,5,1,0,2,0,1.1674322638523644,3.1167477348604913,-3.4088126626121156,1238.2974
4,18,2,5,1,0,2,0,-1.5243486769814496,2.7466091413647455,-3.4088126626121156,311.82367
4,19,2,5,1,0,2,0,0.23566193817912107,5.21419976466972,-3.4088126626121156,647.6381
4,20,2,5,1,0,1,0,-0.7996384236800382,5.7077178893307146,-3.4088126626121156,327.68344
4,21,2,5,1,0,1,0,0.9603721914805325,5.21419976466972,-3.4088126626121156,657.0858
4,22,2,5,1,0,2,0,0.5462520467368688,5.21419976466972,-3.4088126626121156,437.3769
4,23,2,5,1,0,2,0,0.23566193817912107,5.090820233504472,-3.4088126626121156,361.08722
4,0,2,6,0,0,2,0,1.1674322638523644,5.090820233504472,-3.4088126626121156,502.31787
4,1,2,6,0,0,1,0,0.7533121191087007,4.5973021088434765,-3.4088126626121156,363.11908
4,2,2,6,0,0,1,0,0.5462520467368688,5.090820233504472,-3.4088126626121156,263.0261
4,3,2,6,0,0,1,0,0.23566193817912107,6.077856482826461,-3.4088126626121156,222.24692
4,4,2,6,0,0,2,0,0.4427220105509529,4.967440702339222,-3.4088126626121156,226.63893
4,5,2,6,0,0,2,0,1.5815524085960282,3.363506797190989,-3.4088126626121156,502.69394
4,6,2,6,0,0,1,0,0.5462520467368688,3.6102658595214865,-3.4088126626121156,356.02463
4,7,2,6,0,0,1,0,0.4427220105509529,2.9933682036952427,-3.4088126626121156,514.3774
4,8,2,6,0,0,1,0,0.5462520467368688,2.9933682036952427,-3.4088126626121156,690.0472
4,9,2,6,0,0,1,0,0.7533121191087007,2.9933682036952427,-3.4088126626121156,810.7362
4,10,2,6,0,0,1,0,1.685082444781944,2.9933682036952427,-3.4088126626121156,971.09015
4,11,2,6,0,0,1,0,0.7533121191087007,2.3764705478689994,-3.4088126626121156,960.9927
4,12,2,6,0,0,1,0,1.5815524085960282,2.3764705478689994,-3.4088126626121156,1193.1106
4,13,2,6,0,0,3,0,1.685082444781944,2.3764705478689994,-3.4088126626121156,1137.8599
4,14,2,6,0,0,1,0,1.685082444781944,2.3764705478689994,-3.4088126626121156,1166.634
4,15,2,6,0,0,1,0,0.7533121191087007,2.1297114855385018,-3.4088126626121156,1060.83
4,16,2,6,0,0,1,0,0.5462520467368688,2.1297114855385018,-3.4088126626121156,979.5733
4,17,2,6,0,0,1,0,-0.3855182789363745,1.7595728920427556,-3.4088126626121156,749.1135
4,18,2,6,0,0,3,0,0.028601865807289205,1.7595728920427556,-3.4088126626121156,828.9436
4,19,2,6,0,0,3,0,0.4427220105509529,2.006331954373253,-3.4088126626121156,732.83636
4,20,2,6,0,0,3,0,0.7533121191087007,2.2530910167037503,-3.4088126626121156,621.45544
4,21,2,6,0,0,3,0,1.1674322638523644,2.6232296101994965,-3.4088126626121156,671.6588
4,22,2,6,0,0,3,0,1.1674322638523644,3.2401272660257403,-3.4088126626121156,604.1414
4,23,2,6,0,0,3,0,0.9603721914805325,3.6102658595214865,-3.4088126626121156,508.05112
4,0,2,0,0,1,2,0,0.028601865807289205,3.2401272660257403,-3.4088126626121156,100.406395
4,1,2,0,0,1,2,0,-0.3855182789363745,3.4868863283562375,-3.4088126626121156,88.93876
4,2,2,0,0,1,2,0,-0.17845820656454264,3.4868863283562375,-3.4088126626121156,86.371605
4,3,2,0,0,1,2,0,0.028601865807289205,4.350543046512979,-3.4088126626121156,77.44794
4,4,2,0,0,1,2,0,0.028601865807289205,4.350543046512979,-3.4088126626121156,93.72406
4,5,2,0,0,1,2,0,-0.3855182789363745,4.844061171173974,-3.4088126626121156,140.66292
4,6,2,0,0,1,2,0,-0.5925783513082064,3.9804044530172327,-3.4088126626121156,361.8071
4,7,2,0,0,1,2,0,0.028601865807289205,3.9804044530172327,-3.4088126626121156,723.98737
4,8,2,0,0,1,2,0,0.028601865807289205,3.9804044530172327,-3.4088126626121156,1053.9884
4,9,2,0,0,1,1,0,0.028601865807289205,4.844061171173974,-3.4088126626121156,585.86725
4,10,2,0,0,1,2,0,0.23566193817912107,4.844061171173974,-3.4088126626121156,382.72052
4,11,2,0,0,1,2,0,0.23566193817912107,4.967440702339222,-3.4088126626121156,407.06256
4,12,2,0,0,1,2,0,1.1674322638523644,6.447995076322207,-3.4088126626121156,655.197
4,13,2,0,0,1,2,0,0.5462520467368688,6.447995076322207,-3.4088126626121156,531.8352
4,14,2,0,0,1,2,0,0.23566193817912107,6.447995076322207,-3.4088126626121156,430.25107
4,15,2,0,0,1,2,0,0.4427220105509529,8.298688043800938,-3.4088126626121156,564.8523
4,16,2,0,0,1,2,0,0.5462520467368688,8.298688043800938,-3.4088126626121156,835.2633
4,17,2,0,0,1,2,0,0.9603721914805325,9.03896523079243,-3.4088126626121156,1435.3859
4,18,2,0,0,1,2,0,0.4427220105509529,9.03896523079243,-3.4088126626121156,1087.3076
4,19,2,0,0,1,2,0,0.4427220105509529,9.779242417783923,-3.4088126626121156,728.37024
4,20,2,0,0,1,2,0,0.4427220105509529,9.03896523079243,-3.4088126626121156,468.6096
4,21,2,0,0,1,1,0,1.5815524085960282,9.03896523079243,-3.4088126626121156,597.06836
4,22,2,0,0,1,2,0,1.685082444781944,9.03896523079243,-3.4088126626121156,444.68436
4,23,2,0,0,1,2,0,1.8921425171537758,9.03896523079243,-3.4088126626121156,354.16284
4,0,2,1,0,1,1,0,0.5462520467368688,9.03896523079243,-3.4088126626121156,199.60007
4,1,2,1,0,1,1,0,0.4427220105509529,8.298688043800938,-3.4088126626121156,136.64282
4,2,2,1,0,1,2,0,0.028601865807289205,7.6817903879746945,-3.4088126626121156,73.78908
4,3,2,1,0,1,2,0,-0.5925783513082064,7.064892732148451,-3.4088126626121156,72.727974
4,4,2,1,0,1,2,0,-0.5925783513082064,7.6817903879746945,-3.4088126626121156,83.486374
4,5,2,1,0,1,3,0,-0.3855182789363745,8.298688043800938,-3.4088126626121156,134.5015
4,6,2,1,0,1,1,0,-0.17845820656454264,7.6817903879746945,-3.4088126626121156,439.54028
4,7,2,1,0,1,1,0,0.4427220105509529,6.447995076322207,-3.4088126626121156,810.35315
4,8,2,1,0,1,1,0,0.4427220105509529,4.473922577678228,-3.4088126626121156,1137.1782
4,9,2,1,0,1,2,0,1.1674322638523644,3.6102658595214865,-3.4088126626121156,756.37726
4,10,2,1,0,1,2,0,1.8921425171537758,3.6102658595214865,-3.4088126626121156,496.71036
4,11,2,1,0,1,2,0,1.3744923362241963,4.473922577678228,-3.4088126626121156,595.7403
4,12,2,1,0,1,2,0,1.8921425171537758,2.6232296101994965,-3.4088126626121156,575.7347
4,13,2,1,0,1,2,0,2.099202589525608,2.6232296101994965,-3.4088126626121156,579.73883
4,14,2,1,0,1,2,0,1.8921425171537758,2.3764705478689994,-3.4088126626121156,568.01355
4,15,2,1,0,1,2,0,1.685082444781944,2.2530910167037503,-3.4088126626121156,718.5434
4,16,2,1,0,1,2,0,2.099202589525608,2.2530910167037503,-3.4088126626121156,873.3155
4,17,2,1,0,1,2,0,0.9603721914805325,2.2530910167037503,-3.4088126626121156,1460.8823
4,18,2,1,0,1,2,0,1.685082444781944,2.6232296101994965,-3.4088126626121156,1269.881
4,19,2,1,0,1,2,0,0.23566193817912107,3.2401272660257403,-3.4088126626121156,670.17834
4,20,2,1,0,1,2,0,-0.5925783513082064,2.869988672529994,-3.4088126626121156,357.0112
4,21,2,1,0,1,2,0,0.9603721914805325,3.2401272660257403,-3.4088126626121156,512.5938
4,22,2,1,0,1,2,0,0.23566193817912107,3.9804044530172327,-3.4088126626121156,213.41124
4,23,2,1,0,1,1,0,0.23566193817912107,3.9804044530172327,-3.4088126626121156,217.32285
4,0,2,2,0,1,1,0,0.23566193817912107,4.844061171173974,-3.4088126626121156,148.38725
4,1,2,2,0,1,3,0,-0.5925783513082064,4.844061171173974,-3.4088126626121156,84.00399
4,2,2,2,0,1,1,0,0.028601865807289205,4.844061171173974,-3.4088126626121156,98.93156
4,3,2,2,0,1,1,0,-0.3855182789363745,4.844061171173974,-3.4088126626121156,93.73722
4,4,2,2,0,1,1,0,-0.7996384236800382,6.447995076322207,-3.4088126626121156,76.80142
4,5,2,2,0,1,1,0,-0.5925783513082064,5.337579295834969,-3.4088126626121156,139.88678
4,6,2,2,0,1,1,0,-0.3855182789363745,6.447995076322207,-3.4088126626121156,415.1788
4,7,2,2,0,1,1,0,-0.7996384236800382,4.473922577678228,-3.4088126626121156,633.3566
4,8,2,2,0,1,1,0,0.4427220105509529,3.6102658595214865,-3.4088126626121156,1172.3073
4,9,2,2,0,1,1,0,-0.17845820656454264,2.9933682036952427,-3.4088126626121156,615.7533
4,10,2,2,0,1,3,0,0.028601865807289205,2.9933682036952427,-3.4088126626121156,421.77588
4,11,2,2,0,1,3,0,-0.3855182789363745,2.7466091413647455,-3.4088126626121156,360.94864
4,12,2,2,0,1,1,0,-0.5925783513082064,2.1297114855385018,-3.4088126626121156,447.92828
4,13,2,2,0,1,1,0,-0.5925783513082064,1.636193360877507,-3.4088126626121156,435.15887
4,14,2,2,0,1,1,0,-0.7996384236800382,1.8829524232080044,-3.4088126626121156,395.23218
4,15,2,2,0,1,1,0,-0.17845820656454264,1.636193360877507,-3.4088126626121156,545.35913
4,16,2,2,0,1,3,0,-0.17845820656454264,2.499850079034248,-3.4088126626121156,705.4953
4,17,2,2,0,1,3,0,0.028601865807289205,2.1297114855385018,-3.4088126626121156,1205.7303
4,18,2,2,0,1,3,0,-0.3855182789363745,2.7466091413647455,-3.4088126626121156,860.5961
4,19,2,2,0,1,3,0,-0.3855182789363745,3.363506797190989,-3.4088126626121156,560.97974
4,20,2,2,0,1,3,0,-0.5925783513082064,4.103783984182481,-3.4088126626121156,379.8696
4,21,2,2,0,1,3,0,-0.17845820656454264,4.103783984182481,-3.4088126626121156,299.82297
4,22,2,2,0,1,1,0,-0.17845820656454264,4.967440702339222,-3.4088126626121156,239.15631
4,23,2,2,0,1,1,0,1.1674322638523644,5.460958827000217,-3.4088126626121156,450.1077
4,0,2,3,0,1,1,0,0.5462520467368688,5.460958827000217,-3.4088126626121156,247.83658
4,1,2,3,0,1,2,0,0.23566193817912107,4.967440702339222,-3.4088126626121156,80.10793
4,2,2,3,0,1,1,0,0.4427220105509529,5.954476951661213,-3.4088126626121156,150.54987
4,3,2,3,0,1,2,0,0.5462520467368688,6.5713746074874555,-3.4088126626121156,185.65457
4,4,2,3,0,1,2,0,0.23566193817912107,6.5713746074874555,-3.4088126626121156,87.909355
4,5,2,3,0,1,1,0,0.23566193817912107,7.064892732148451,-3.4088126626121156,199.13135
4,6,2,3,0,1,1,0,0.5462520467368688,7.064892732148451,-3.4088126626121156,555.2082
4,7,2,3,0,1,2,0,0.7533121191087007,6.5713746074874555,-3.4088126626121156,914.9726
4,8,2,3,0,1,2,0,0.9603721914805325,5.460958827000217,-3.4088126626121156,1305.6957
4,9,2,3,0,1,2,0,1.1674322638523644,4.5973021088434765,-3.4088126626121156,802.0123
4,10,2,3,0,1,2,0,0.9603721914805325,5.090820233504472,-3.4088126626121156,635.6963
4,11,2,3,0,1,2,0,0.5462520467368688,4.720681640008725,-3.4088126626121156,531.14185
4,12,2,3,0,1,1,0,0.4427220105509529,4.350543046512979,-3.4088126626121156,539.8341
4,13,2,3,0,1,1,0,0.5462520467368688,3.9804044530172327,-3.4088126626121156,605.26776
4,14,2,3,0,1,1,0,0.23566193817912107,4.350543046512979,-3.4088126626121156,493.84412
4,15,2,3,0,1,2,0,0.9603721914805325,3.9804044530172327,-3.4088126626121156,762.70667
4,16,2,3,0,1,2,0,1.3744923362241963,3.6102658595214865,-3.4088126626121156,1034.7786
4,17,2,3,0,1,2,0,0.5462520467368688,3.6102658595214865,-3.4088126626121156,1355.1168
4,18,2,3,0,1,2,0,-0.17845820656454264,4.350543046512979,-3.4088126626121156,986.1431
4,19,2,3,0,1,2,0,0.028601865807289205,5.21419976466972,-3.4088126626121156,656.18896
4,20,2,3,0,1,2,0,-0.3855182789363745,4.720681640008725,-3.4088126626121156,389.94498
4,21,2,3,0,1,2,0,-0.3855182789363745,5.584338358165466,-3.4088126626121156,295.27344
4,22,2,3,0,1,3,0,-0.9031684598659542,5.584338358165466,-3.4088126626121156,228.91785
4,23,2,3,0,1,1,0,-0.9031684598659542,6.077856482826461,-3.4088126626121156,200.12213
4,0,2,4,0,1,3,0,-1.5243486769814496,7.188272263313699,-3.4088126626121156,84.66113
4,1,2,4,0,1,1,0,-1.5243486769814496,6.5713746074874555,-3.4088126626121156,73.80101
4,2,2,4,0,1,3,0,-0.7996384236800382,8.422067574966187,-3.4088126626121156,98.14044
4,3,2,4,0,1,1,0,-1.5243486769814496,7.188272263313699,-3.4088126626121156,60.86017
4,4,2,4,0,1,1,0,-1.5243486769814496,8.422067574966187,-3.4088126626121156,70.621185
4,5,2,4,0,1,1,0,-1.5243486769814496,8.422067574966187,-3.4088126626121156,122.50424
4,6,2,4,0,1,1,0,-1.5243486769814496,8.422067574966187,-3.4088126626121156,274.72125
4,7,2,4,0,1,1,0,-1.5243486769814496,8.422067574966187,-3.4088126626121156,477.99866
4,8,2,4,0,1,3,0,0.23566193817912107,6.20123601399171,-3.4088126626121156,1073.4022
4,9,2,4,0,1,2,0,-0.17845820656454264,4.350543046512979,-3.4088126626121156,627.25586
4,10,2,4,0,1,2,0,-0.17845820656454264,2.9933682036952427,-3.4088126626121156,431.75433
4,11,2,4,0,1,2,0,-1.5243486769814496,2.3764705478689994,-3.4088126626121156,279.69098
4,12,2,4,0,1,2,0,0.4427220105509529,2.3764705478689994,-3.4088126626121156,586.05554
4,13,2,4,0,1,2,0,0.5462520467368688,1.3894342985470096,-3.4088126626121156,688.03973
4,14,2,4,0,1,2,0,0.028601865807289205,1.2660547673817608,-3.4088126626121156,593.68536
4,15,2,4,0,1,2,0,-0.7996384236800382,1.3894342985470096,-3.4088126626121156,527.4964
4,16,2,4,0,1,2,0,0.23566193817912107,1.2660547673817608,-3.4088126626121156,837.21716
4,17,2,4,0,1,2,0,0.028601865807289205,1.3894342985470096,-3.4088126626121156,1138.2683
4,18,2,4,0,1,2,0,-0.7996384236800382,1.142675236216512,-3.4088126626121156,817.6462
4,19,2,4,0,1,2,0,0.23566193817912107,3.6102658595214865,-3.4088126626121156,651.9719
4,20,2,4,0,1,2,0,-0.7996384236800382,2.2530910167037503,-3.4088126626121156,354.1999
4,21,2,4,0,1,2,0,-0.7996384236800382,3.4868863283562375,-3.4088126626121156,262.01364
4,22,2,4,0,1,2,0,-0.5925783513082064,3.8570249218519836,-3.4088126626121156,235.11014
4,23,2,4,0,1,2,0,-0.9031684598659542,3.4868863283562375,-3.4088126626121156,197.6778
4,0,2,5,0,0,2,0,-1.5243486769814496,3.1167477348604913,-3.4088126626121156,97.24009
4,1,2,5,0,0,1,0,-0.9031684598659542,3.8570249218519836,-3.4088126626121156,147.45964
4,2,2,5,0,0,1,0,-0.9031684598659542,6.5713746074874555,-3.4088126626121156,123.403145
4,3,2,5,0,0,3,0,-1.5243486769814496,7.188272263313699,-3.4088126626121156,46.543915
4,4,2,5,0,0,3,0,-0.9031684598659542,7.188272263313699,-3.4088126626121156,99.18171
4,5,2,5,0,0,1,0,-0.3855182789363745,6.5713746074874555,-3.4088126626121156,172.53362
4,6,2,5,0,0,1,0,-0.9031684598659542,7.188272263313699,-3.4088126626121156,211.82637
4,7,2,5,0,0,1,0,-0.9031684598659542,6.5713746074874555,-3.4088126626121156,312.8974
4,8,2,5,0,0,2,0,-0.7996384236800382,5.090820233504472,-3.4088126626121156,445.2793
4,9,2,5,0,0,2,0,-0.5925783513082064,4.720681640008725,-3.4088126626121156,501.05008
4,10,2,5,0,0,2,0,-0.7996384236800382,3.9804044530172327,-3.4088126626121156,523.8368
4,11,2,5,0,0,2,0,-0.5925783513082064,3.2401272660257403,-3.4088126626121156,638.87024
4,12,2,5,0,0,2,0,-0.17845820656454264,3.363506797190989,-3.4088126626121156,767.4729
4,13,2,5,0,0,1,0,-0.17845820656454264,3.363506797190989,-3.4088126626121156,860.8086
4,14,2,5,0,0,1,0,0.23566193817912107,3.1167477348604913,-3.4088126626121156,972.6667
4,15,2,5,0,0,1,0,-0.17845820656454264,3.1167477348604913,-3.4088126626121156,860.9723
4,16,2,5,0,0,2,0,-0.3855182789363745,3.1167477348604913,-3.4088126626121156,697.01276
4,17,2,5,0,0,3,0,-0.7996384236800382,3.4868863283562375,-3.4088126626121156,674.3924
4,18,2,5,0,0,1,0,0.028601865807289205,4.103783984182481,-3.4088126626121156,862.03015
4,19,2,5,0,0,1,0,-0.3855182789363745,3.9804044530172327,-3.4088126626121156,522.27094
4,20,2,5,0,0,1,0,-0.17845820656454264,4.720681640008725,-3.4088126626121156,466.95084
4,21,2,5,0,0,1,0,0.028601865807289205,4.720681640008725,-3.4088126626121156,481.9562
4,22,2,5,0,0,3,0,-0.7996384236800382,5.21419976466972,-3.4088126626121156,232.49002
4,23,2,5,0,0,3,0,-0.7996384236800382,5.584338358165466,-3.4088126626121156,214.56137
4,0,2,6,0,0,3,0,-0.5925783513082064,6.077856482826461,-3.4088126626121156,191.05246
4,1,2,6,0,0,3,0,-0.5925783513082064,7.188272263313699,-3.4088126626121156,179.562
4,2,2,6,0,0,3,0,-0.5925783513082064,7.188272263313699,-3.4088126626121156,155.84987
4,3,2,6,0,0,3,0,-0.3855182789363745,6.5713746074874555,-3.4088126626121156,126.7782
4,4,2,6,0,0,3,0,-0.5925783513082064,7.805169919139943,-3.4088126626121156,133.65732
4,5,2,6,0,0,1,0,0.028601865807289205,7.805169919139943,-3.4088126626121156,251.76918
4,6,2,6,0,0,1,0,-0.3855182789363745,7.805169919139943,-3.4088126626121156,233.17693
4,7,2,6,0,0,1,0,-0.5925783513082064,7.188272263313699,-3.4088126626121156,336.92087
4,8,2,6,0,0,3,0,-0.7996384236800382,6.077856482826461,-3.4088126626121156,448.29645
4,9,2,6,0,0,3,0,-0.7996384236800382,5.584338358165466,-3.4088126626121156,455.35666
4,10,2,6,0,0,3,0,-0.9031684598659542,3.9804044530172327,-3.4088126626121156,513.6495
4,11,2,6,0,0,3,0,-0.9031684598659542,4.103783984182481,-3.4088126626121156,560.5159
4,12,2,6,0,0,3,0,-1.5243486769814496,3.733645390686735,-3.4088126626121156,489.61377
4,13,2,6,0,0,1,0,-0.5925783513082064,3.1167477348604913,-3.4088126626121156,715.97815
4,14,2,6,0,0,1,0,-0.17845820656454264,3.2401272660257403,-3.4088126626121156,804.5537
4,15,2,6,0,0,1,0,0.23566193817912107,3.8570249218519836,-3.4088126626121156,907.31024
4,16,2,6,0,0,1,0,-0.17845820656454264,4.227163515347731,-3.4088126626121156,803.8115
4,17,2,6,0,0,1,0,0.028601865807289205,4.227163515347731,-3.4088126626121156,893.2741
4,18,2,6,0,0,1,0,0.7533121191087007,4.967440702339222,-3.4088126626121156,953.14746
4,19,2,6,0,0,1,0,0.028601865807289205,5.337579295834969,-3.4088126626121156,627.504
4,20,2,6,0,0,1,0,0.028601865807289205,5.21419976466972,-3.4088126626121156,492.5583
4,21,2,6,0,0,1,0,-0.17845820656454264,5.584338358165466,-3.4088126626121156,336.60034
4,22,2,6,0,0,1,0,-0.3855182789363745,6.077856482826461,-3.4088126626121156,233.836
4,23,2,6,0,0,3,0,-0.17845820656454264,6.694754138652704,-3.4088126626121156,270.95197
4,0,2,0,0,1,3,0,-0.17845820656454264,7.188272263313699,-3.4088126626121156,107.66884
4,1,2,0,0,1,3,0,-0.3855182789363745,7.805169919139943,-3.4088126626121156,86.62904
4,2,2,0,0,1,3,0,-0.17845820656454264,7.805169919139943,-3.4088126626121156,84.11606
4,3,2,0,0,1,3,0,-0.5925783513082064,8.422067574966187,-3.4088126626121156,73.93095
4,4,2,0,0,1,2,0,-0.5925783513082064,8.422067574966187,-3.4088126626121156,84.8016
4,5,2,0,0,1,2,0,0.23566193817912107,7.805169919139943,-3.4088126626121156,131.07123
4,6,2,0,0,1,2,0,-0.3855182789363745,8.422067574966187,-3.4088126626121156,378.01788
4,7,2,0,0,1,2,0,-0.17845820656454264,8.422067574966187,-3.4088126626121156,719.10254
4,8,2,0,0,1,2,0,-0.3855182789363745,9.162344761957678,-3.4088126626121156,982.3508
4,9,2,0,0,1,2,0,-0.17845820656454264,7.805169919139943,-3.4088126626121156,570.3866
4,10,2,0,0,1,2,0,-0.17845820656454264,7.805169919139943,-3.4088126626121156,368.47974
4,11,2,0,0,1,2,0,0.028601865807289205,7.188272263313699,-3.4088126626121156,415.65732
4,12,2,0,0,1,3,0,0.4427220105509529,6.694754138652704,-3.4088126626121156,491.2938
4,13,2,0,0,1,2,0,0.23566193817912107,6.20123601399171,-3.4088126626121156,441.9763
4,14,2,0,0,1,1,0,0.23566193817912107,5.337579295834969,-3.4088126626121156,453.27014
4,15,2,0,0,1,1,0,0.5462520467368688,5.337579295834969,-3.4088126626121156,633.5132
4,16,2,0,0,1,2,0,0.028601865807289205,5.831097420495963,-3.4088126626121156,710.9451
4,17,2,0,0,1,1,0,0.23566193817912107,5.337579295834969,-3.4088126626121156,1217.2238
4,18,2,0,0,1,2,0,0.4427220105509529,6.20123601399171,-3.4088126626121156,1087.3076
4,19,2,0,0,1,1,0,0.23566193817912107,6.694754138652704,-3.4088126626121156,702.29474
4,20,2,0,0,1,1,0,0.23566193817912107,7.311651794478948,-3.4088126626121156,438.74973
4,21,2,0,0,1,1,0,0.23566193817912107,7.188272263313699,-3.4088126626121156,322.0731
4,22,2,0,0,1,2,0,-0.17845820656454264,7.805169919139943,-3.4088126626121156,202.3698
4,23,2,0,0,1,2,0,-0.17845820656454264,7.805169919139943,-3.4088126626121156,170.51257
4,0,2,1,0,1,2,0,-0.3855182789363745,8.545447106131435,-3.4088126626121156,96.403114
4,1,2,1,0,1,2,0,-0.17845820656454264,8.545447106131435,-3.4088126626121156,88.42121
4,2,2,1,0,1,2,0,0.028601865807289205,8.545447106131435,-3.4088126626121156,73.78908
4,3,2,1,0,1,2,0,0.028601865807289205,8.545447106131435,-3.4088126626121156,74.38341
4,4,2,1,0,1,2,0,-0.5925783513082064,9.162344761957678,-3.4088126626121156,83.486374
4,5,2,1,0,1,2,0,-0.17845820656454264,9.902621948949172,-3.4088126626121156,139.86964
4,6,2,1,0,1,2,0,-0.7996384236800382,9.162344761957678,-3.4088126626121156,347.15994
4,7,2,1,0,1,2,0,-0.3855182789363745,8.545447106131435,-3.4088126626121156,664.91876
4,8,2,1,0,1,2,0,-0.5925783513082064,8.545447106131435,-3.4088126626121156,959.95703
4,9,2,1,0,1,2,0,-0.9031684598659542,7.805169919139943,-3.4088126626121156,502.63052
4,10,2,1,0,1,2,0,-0.3855182789363745,7.311651794478948,-3.4088126626121156,339.0474
4,11,2,1,0,1,2,0,-0.7996384236800382,6.8181336698179535,-3.4088126626121156,321.07193
4,12,2,1,0,1,1,0,-0.7996384236800382,5.831097420495963,-3.4088126626121156,379.8208
4,13,2,1,0,1,2,0,1.3744923362241963,5.7077178893307146,-3.4088126626121156,673.9044
4,14,2,1,0,1,1,0,0.7533121191087007,7.311651794478948,-3.4088126626121156,593.8868
4,15,2,1,0,1,1,0,-0.3855182789363745,7.805169919139943,-3.4088126626121156,466.1038
4,16,2,1,0,1,1,0,-0.5925783513082064,7.311651794478948,-3.4088126626121156,637.70087
4,17,2,1,0,1,1,0,-1.5243486769814496,7.805169919139943,-3.4088126626121156,790.53845
4,18,2,1,0,1,1,0,-1.5243486769814496,7.805169919139943,-3.4088126626121156,621.29663
4,19,2,1,0,1,1,0,-0.17845820656454264,7.805169919139943,-3.4088126626121156,659.6678
4,20,2,1,0,1,2,0,-0.17845820656454264,7.805169919139943,-3.4088126626121156,380.71667
4,21,2,1,0,1,2,0,-0.7996384236800382,7.805169919139943,-3.4088126626121156,249.09229
4,22,2,1,0,1,1,0,-0.17845820656454264,5.584338358165466,-3.4088126626121156,216.10939
4,23,2,1,0,1,2,0,0.028601865807289205,4.5973021088434765,-3.4088126626121156,172.21039
4,0,2,2,0,1,1,0,0.4427220105509529,4.5973021088434765,-3.4088126626121156,171.46086
4,1,2,2,0,1,1,0,-0.17845820656454264,5.090820233504472,-3.4088126626121156,118.86319
4,2,2,2,0,1,1,0,0.9603721914805325,4.103783984182481,-3.4088126626121156,298.60065
4,3,2,2,0,1,3,0,0.7533121191087007,4.103783984182481,-3.4088126626121156,231.04147
4,4,2,2,0,1,2,0,0.028601865807289205,3.6102658595214865,-3.4088126626121156,85.980225
4,5,2,2,0,1,1,0,-0.3855182789363745,4.473922577678228,-3.4088126626121156,164.18407
4,6,2,2,0,1,1,0,0.028601865807289205,3.6102658595214865,-3.4088126626121156,458.84766
4,7,2,2,0,1,1,0,-0.17845820656454264,3.2401272660257403,-3.4088126626121156,762.0158
4,8,2,2,0,1,1,0,1.685082444781944,2.9933682036952427,-3.4088126626121156,1288.385
4,9,2,2,0,1,1,0,1.3744923362241963,2.9933682036952427,-3.4088126626121156,827.47974
4,10,2,2,0,1,1,0,1.1674322638523644,2.9933682036952427,-3.4088126626121156,604.0906
4,11,2,2,0,1,3,0,0.5462520467368688,2.7466091413647455,-3.4088126626121156,519.24347
4,12,2,2,0,1,3,0,1.5815524085960282,2.1297114855385018,-3.4088126626121156,762.3068
4,13,2,2,0,1,2,0,0.5462520467368688,2.1297114855385018,-3.4088126626121156,561.92316
4,14,2,2,0,1,2,0,0.9603721914805325,2.006331954373253,-3.4088126626121156,697.1512
4,15,2,2,0,1,2,0,1.685082444781944,1.8829524232080044,-3.4088126626121156,792.596
4,16,2,2,0,1,3,0,0.23566193817912107,1.8829524232080044,-3.4088126626121156,783.9569
4,17,2,2,0,1,2,0,0.5462520467368688,1.636193360877507,-3.4088126626121156,1362.1655
4,18,2,2,0,1,3,0,1.3744923362241963,2.1297114855385018,-3.4088126626121156,1363.0386
4,19,2,2,0,1,1,0,1.3744923362241963,2.3764705478689994,-3.4088126626121156,1030.6271
4,20,2,2,0,1,1,0,0.7533121191087007,2.9933682036952427,-3.4088126626121156,632.6095
4,21,2,2,0,1,1,0,2.099202589525608,3.2401272660257403,-3.4088126626121156,561.07544
4,22,2,2,0,1,1,0,1.1674322638523644,3.6102658595214865,-3.4088126626121156,484.777
4,23,2,2,0,1,1,0,1.5815524085960282,3.6102658595214865,-3.4088126626121156,543.3628
4,0,2,3,0,1,1,0,0.5462520467368688,3.9804044530172327,-3.4088126626121156,247.83658
4,1,2,3,0,1,2,0,1.3744923362241963,4.350543046512979,-3.4088126626121156,353.56824
4,2,2,3,0,1,2,0,1.5815524085960282,4.350543046512979,-3.4088126626121156,375.35406
4,3,2,3,0,1,2,0,1.3744923362241963,4.720681640008725,-3.4088126626121156,350.5845
4,4,2,3,0,1,2,0,1.5815524085960282,4.227163515347731,-3.4088126626121156,386.70676
4,5,2,3,0,1,2,0,0.9603721914805325,4.227163515347731,-3.4088126626121156,339.96643
4,6,2,3,0,1,2,0,0.7533121191087007,4.720681640008725,-3.4088126626121156,564.59045
4,7,2,3,0,1,2,0,0.7533121191087007,4.720681640008725,-3.4088126626121156,914.9726
4,8,2,3,0,1,2,0,0.7533121191087007,4.350543046512979,-3.4088126626121156,1274.0583
4,9,2,3,0,1,1,0,1.3744923362241963,3.9804044530172327,-3.4088126626121156,846.3577
4,10,2,3,0,1,1,0,0.9603721914805325,3.6102658595214865,-3.4088126626121156,661.20483
4,11,2,3,0,1,1,0,1.1674322638523644,3.2401272660257403,-3.4088126626121156,663.4119
4,12,2,3,0,1,1,0,0.7533121191087007,2.2530910167037503,-3.4088126626121156,687.09503
4,13,2,3,0,1,1,0,1.1674322638523644,2.1297114855385018,-3.4088126626121156,748.5287
4,14,2,3,0,1,1,0,0.028601865807289205,1.8829524232080044,-3.4088126626121156,522.3622
4,15,2,3,0,1,1,0,0.23566193817912107,1.142675236216512,-3.4088126626121156,636.4997
4,16,2,3,0,1,1,0,0.23566193817912107,1.142675236216512,-3.4088126626121156,859.9126
4,17,2,3,0,1,1,0,0.7533121191087007,1.0192957050512634,-3.4088126626121156,1540.442
4,18,2,3,0,1,3,0,0.5462520467368688,0.8959161738860147,-3.4088126626121156,1301.8657
4,19,2,3,0,1,2,0,0.028601865807289205,1.5128138297122582,-3.4088126626121156,707.31396
4,20,2,3,0,1,2,0,0.028601865807289205,1.5128138297122582,-3.4088126626121156,465.1963
4,21,2,3,0,1,2,0,0.028601865807289205,1.7595728920427556,-3.4088126626121156,333.7784
4,22,2,3,0,1,3,0,0.5462520467368688,1.7595728920427556,-3.4088126626121156,438.86346
4,23,2,3,0,1,3,0,0.23566193817912107,2.006331954373253,-3.4088126626121156,298.52145
4,0,2,4,0,1,3,0,0.028601865807289205,2.2530910167037503,-3.4088126626121156,205.58194
4,1,2,4,0,1,3,0,0.23566193817912107,2.499850079034248,-3.4088126626121156,187.19339
4,2,2,4,0,1,3,0,0.23566193817912107,4.350543046512979,-3.4088126626121156,163.92917
4,3,2,4,0,1,3,0,-0.5925783513082064,4.350543046512979,-3.4088126626121156,104.65493
4,4,2,4,0,1,2,0,-0.3855182789363745,4.350543046512979,-3.4088126626121156,95.62395
4,5,2,4,0,1,3,0,-0.9031684598659542,3.9804044530172327,-3.4088126626121156,133.27234
4,6,2,4,0,1,1,0,-0.5925783513082064,3.1167477348604913,-3.4088126626121156,382.18738
4,7,2,4,0,1,1,0,-0.5925783513082064,3.9804044530172327,-3.4088126626121156,648.35846
4,8,2,4,0,1,1,0,-0.3855182789363745,2.6232296101994965,-3.4088126626121156,1012.6583
4,9,2,4,0,1,3,0,-0.3855182789363745,1.2660547673817608,-3.4088126626121156,677.24023
4,10,2,4,0,1,3,0,-0.5925783513082064,1.142675236216512,-3.4088126626121156,468.92636
4,11,2,4,0,1,1,0,-0.9031684598659542,0.8959161738860147,-3.4088126626121156,421.15607
4,12,2,4,0,1,1,0,-0.7996384236800382,0.7725366427207659,-3.4088126626121156,514.1219
4,13,2,4,0,1,1,0,-0.5925783513082064,0.6491571115555173,-3.4088126626121156,537.1663
4,14,2,4,0,1,1,0,0.23566193817912107,0.6491571115555173,-3.4088126626121156,676.7152
4,15,2,4,0,1,1,0,-0.7996384236800382,0.5257775803902686,-3.4088126626121156,560.226
4,16,2,4,0,1,1,0,0.23566193817912107,0.40239804922501987,-3.4088126626121156,921.722
4,17,2,4,0,1,1,0,-0.17845820656454264,0.5257775803902686,-3.4088126626121156,1194.059
4,18,2,4,0,1,1,0,-0.17845820656454264,0.5257775803902686,-3.4088126626121156,1017.0878
4,19,2,4,0,1,1,0,-0.5925783513082064,0.40239804922501987,-3.4088126626121156,628.123
4,20,2,4,0,1,1,0,-0.5925783513082064,1.142675236216512,-3.4088126626121156,421.12158
4,21,2,4,0,1,1,0,-0.9031684598659542,2.3764705478689994,-3.4088126626121156,289.9865
4,22,2,4,0,1,2,0,-1.5243486769814496,2.7466091413647455,-3.4088126626121156,157.69437
4,23,2,4,0,1,2,0,-0.5925783513082064,4.103783984182481,-3.4088126626121156,215.79482
4,0,2,5,0,0,3,0,-0.9031684598659542,4.103783984182481,-3.4088126626121156,148.8429
4,1,2,5,0,0,3,0,-0.3855182789363745,6.447995076322207,-3.4088126626121156,147.07056
4,2,2,5,0,0,3,0,0.23566193817912107,5.460958827000217,-3.4088126626121156,255.85341
4,3,2,5,0,0,3,0,-0.17845820656454264,3.6102658595214865,-3.4088126626121156,154.16216
4,4,2,5,0,0,1,0,-0.3855182789363745,2.869988672529994,-3.4088126626121156,150.20303
4,5,2,5,0,0,1,0,-0.9031684598659542,2.869988672529994,-3.4088126626121156,129.17833
4,6,2,5,0,0,1,0,-0.9031684598659542,3.9804044530172327,-3.4088126626121156,211.82637
4,7,2,5,0,0,1,0,-0.5925783513082064,2.6232296101994965,-3.4088126626121156,377.86993
4,8,2,5,0,0,1,0,-0.17845820656454264,2.006331954373253,-3.4088126626121156,643.342
4,9,2,5,0,0,1,0,-0.3855182789363745,1.636193360877507,-3.4088126626121156,572.6815
4,10,2,5,0,0,1,0,-0.9031684598659542,0.8959161738860147,-3.4088126626121156,579.96466
4,11,2,5,0,0,1,0,-1.5243486769814496,0.6491571115555173,-3.4088126626121156,553.9335
4,12,2,5,0,0,1,0,-0.9031684598659542,0.7725366427207659,-3.4088126626121156,747.5979
4,13,2,5,0,0,1,0,-0.7996384236800382,1.0192957050512634,-3.4088126626121156,780.38556
4,14,2,5,0,0,1,0,-0.5925783513082064,1.2660547673817608,-3.4088126626121156,825.0853
4,15,2,5,0,0,2,0,-0.17845820656454264,2.006331954373253,-3.4088126626121156,819.973
4,16,2,5,0,0,2,0,-0.3855182789363745,1.5128138297122582,-3.4088126626121156,759.84015
4,17,2,5,0,0,2,0,-0.17845820656454264,1.7595728920427556,-3.4088126626121156,837.1776
4,18,2,5,0,0,2,0,-0.3855182789363745,2.2530910167037503,-3.4088126626121156,601.20605
4,19,2,5,0,0,2,0,-0.3855182789363745,3.4868863283562375,-3.4088126626121156,470.5215
4,20,2,5,0,0,2,0,-1.5243486769814496,3.1167477348604913,-3.4088126626121156,199.57234
4,21,2,5,0,0,2,0,-0.3855182789363745,3.733645390686735,-3.4088126626121156,277.89957
4,22,2,5,0,0,2,0,0.028601865807289205,4.103783984182481,-3.4088126626121156,398.95444
4,23,2,5,0,0,2,0,-0.5925783513082064,4.5973021088434765,-3.4088126626121156,233.88702
